length,A,T,C,G
1,182,60,68,49
2,339,115,102,120
3,435,192,175,134
4,530,220,170,208
5,575,278,202,220
6,733,405,236,270
7,784,443,252,299
8,780,482,284,294
9,849,584,299,356
10,892,555,342,371
11,940,608,315,425
12,1016,730,344,394
13,994,714,406,434
14,1094,830,436,510
15,1126,850,416,518
16,1255,897,507,525
17,977,811,400,430
18,1173,901,509,549
19,1362,1051,505,578
20,1424,1082,596,578
21,1239,953,498,523
22,1550,1251,600,735
23,1512,1228,681,719
24,1412,1290,667,687
25,1546,1333,719,677
26,1699,1376,705,770
27,1535,1341,613,588
28,1515,1302,657,642
29,1723,1437,754,813
30,1657,1405,684,724
